{
    "_vcs_DPI_package": [
        "_vcs_DPI_package",
        "uM9F1",
        "module",
        1
    ],
    "vcs_paramclassrepository": [
        "vcs_paramclassrepository",
        "hEeZs",
        "module",
        2
    ],
    "_vcs_unit__1788506752": [
        "_vcs_unit__1788506752",
        "zL3g9",
        "module",
        3
    ],
    "std": [
        "std",
        "reYIK",
        "module",
        4
    ],
    "uvm_pkg": [
        "uvm_pkg",
        "zr7M1",
        "module",
        5
    ],
    "uart": [
        "uart",
        "bvImI",
        "module",
        6
    ],
    "uart_intf": [
        "uart_intf",
        "UPy3J",
        "module",
        7
    ],
    "tb_uart_top": [
        "tb_uart_top",
        "WTPp2",
        "module",
        8
    ],
    "...MASTER...": [
        "SIM",
        "amcQw",
        "module",
        9
    ]
}